,id,user_name,user_followers,user_verified,date,text,retweets,favorites,is_retweet
0,1453041148885229571,On The Red Carpet,60363,True,2021-07-24 16:49:40,"Wanna play ""Red Light.  Green Light?""  
Look what appeared in Olympic Park in Seoul, South Korean.  What would you‚Ä¶ https://t.co/4W6A2kdD7L",2,6,False
0,1453038732228153344,Meaghen Johnson,1206,False,2021-07-24 16:40:04,"It‚Äôs game day no. 2 for the #CanXNT/#CanWNT Celebration Tour. 

ICYMI - Quinn reflects on their past year on and of‚Ä¶ https://t.co/kJcFjaSD1i",0,4,False
0,1453036306435543046,USA Curling,30428,True,2021-07-24 16:30:26,"The 2022 US Olympic Team Trials start TODAY!

Watch Christensen/Shuster vs Hamilton/Hamilton in the opening feature‚Ä¶ https://t.co/dO5ZgXxvUN",14,37,False
0,1453018578098085891,‚ùÄ,608,False,2021-07-24 15:19:59,Yes it does! When the game is on international level. Supporting your country's team is supporting your nation. Ima‚Ä¶ https://t.co/VmfrCXGxdf,1,8,False
0,1453012791300923400,Buffalo Sabres Stats,8967,False,2021-07-24 14:56:59,"Craig Anderson is currently the 16th oldest goaltender to win an NHL game.  

With a win anytime after the Olympic‚Ä¶ https://t.co/ly5iXQlxv2",3,13,False
0,1453011053047164941,AP Sports,140651,True,2021-07-24 14:50:05,"It's time: World Cup and Olympic champion Carli Lloyd, who ranks second in the world for most international appeara‚Ä¶ https://t.co/UhJEeQpZC0",9,12,False
0,1452994702366621700,NBC News,8681140,True,2021-07-24 13:45:07,WATCH: South Korean fans of 'Squid Game' flocked to a park in Seoul after a giant doll featured in the show was ins‚Ä¶ https://t.co/IgkgzgAF9y,36,169,False
0,1452994674319257600,FAIreland ‚öΩÔ∏èüáÆüá™,275939,True,2021-07-24 13:45:00,"LINE-UP | üá´üáÆ v üáÆüá™

üü¢ Unchanged from Sweden game
üü¢ Cap 110 for @Aineogor9

‚è∞ KO 16:15 (Irish Time)
üèü Olympic Stadium‚Ä¶ https://t.co/AG7sCGGHeN",19,132,False
0,1452990900846608393,Hindustan Times,8258453,True,2021-07-24 13:30:00,"Younghee, a four-metre-tall doll dressed in orange and yellow, was set up at the Seoul Olympic Park on Monday.‚Ä¶ https://t.co/WnLlm4SABO",4,37,False
0,1452987909221588993,NBC10 Philadelphia,618231,True,2021-07-24 13:18:07,‚öΩ NJ's Carli Lloyd is retiring from #USWNT soccer after a decorated career that includes two Women‚Äôs World Cup titl‚Ä¶ https://t.co/Z3jhrcstzb,3,5,False
0,1452985289174097925,Getpucksdeeeeep,1111,False,2021-07-24 13:07:42,having an Olympic break between every game to start the season is a drag dude.,1,20,False
0,1452944196348874752,womensSOCCERphotos,1567,False,2021-07-24 10:24:25,The Olympic Stadium in Helsinki looking good this morning ahead of this evening‚Äôs @FIFAWWC Qualifier game against F‚Ä¶ https://t.co/m30UQ9K9x4,0,14,False
0,1452893181247381506,Anyone's Game,733,False,2021-07-24 07:01:42,"Scotland v Sweden: Spirit, depth and frailties

Anyone's Game looks ahead to Scotland's clash with Olympic finalist‚Ä¶ https://t.co/kizo1E7quO",2,6,False
0,1452888207113269251,Ian Saltern „Äì„Äì,855,False,2021-07-24 06:41:56,Cornwall played Australia in the final of the men's Rugby Union on this day in the 1908 London Olympic Games. Austr‚Ä¶ https://t.co/B6KhyzaPKt,15,55,False
0,1452870693352316931,NetsDaily,43767,True,2021-07-24 05:32:20,"It was said that Spurs conservative offense had stifled Mills game. Now after his Olympic performance in Tokyo, par‚Ä¶ https://t.co/Ah3mlGvcVC",2,46,False
0,1452812765257551876,Duke of Ice Age,581,False,2021-07-24 01:42:09,"@flower_boi Blue Chip in the making with @TheCavemenClub 

Olympic Dev team, great community, epic roadmap deliveri‚Ä¶ https://t.co/dAmG98tLrI",1,9,False
0,1452793776309735427,Jane Coaston,132804,True,2021-07-24 00:26:42,The closest comparison for that game I can come up is like when the USA Olympic basketball team plays a tiny countr‚Ä¶ https://t.co/dcbfxUks9H,4,73,False
0,1452767919507525634,„Åï„Åï„Éë„É≥„ÉÄ,270,False,2021-07-24 22:43:57,"@yunamaoist Even if Yuzu couldn't attend the Olympic game, figure skating will be still interestng to see many talents.",0,8,False
0,1452744468977762304,kath (;,1155,False,2021-07-24 21:10:46,ITS REALLY THE HUNGER GAMES B2B SQUID GAME OLYMPIC MARATHON WITH ZERO HAZARD PAY YET PPL ARE BUSTING MISSIONS TO SPACE,0,17,False
0,1452738892113883137,Mark Owens,160,False,2021-07-24 20:48:37,@heykayadams @NFLGameDay There is nothing‚Ä¶I repeat‚Ä¶NOTHING less compelling in all of sports television than 50+ yea‚Ä¶ https://t.co/9vUwcB9gGh,0,6,False
0,1452733112488706049,MLB Pipeline,223037,True,2021-07-24 20:25:39,"Winning an Olympic medal meant it was a busy summer for Triston Casas, so now that he's getting comfortable in the‚Ä¶ https://t.co/R1eh3zJ3Eo",13,70,False
0,1452725784481779715,VikeFans,10340,False,2021-07-24 19:56:32,"Bullet Bob Hayes (""Fastest Man on Earth"" due to his Olympic 100 meter dash win) vs Minnesota in the final preseason‚Ä¶ https://t.co/bOfs0u0IeG",0,5,False
0,1452715302664372224,Sue Alexander,609,False,2021-07-24 19:14:52,It would be wise not to sleep on @ArizonaWBB point guard @Shainap_14. Stepped up BIG TIME in 2021 @NCAAWBB Champion‚Ä¶ https://t.co/qpwoLCqGiF,2,19,False
0,1452712971461922816,Team Grassie,140,False,2021-07-24 19:05:37,Our pre-event practice is complete at the @CurlingCanada  @home_hardware Olympic Pre-Trials. The ice was fantastic‚Ä¶ https://t.co/eMoMK8f0C0,2,29,False
0,1452693449363398662,THE WNL SHOW,2261,False,2021-07-24 17:48:02,Part two from this evenings press conference with Vera and Louise. Interestingly this game is being played in the O‚Ä¶ https://t.co/tBTubqWUNC,0,9,False
0,1452679441285517317,Richyüá≠üáπ #College=SatanicOrganization,1173,False,2021-07-24 16:52:22,They already overworked him in the regular season then they let him go to that stupid Olympic game shit and now he'‚Ä¶ https://t.co/jCaLOoJN24,0,15,False
0,1452674538773401603,Billingshurst FC,2758,False,2021-07-24 16:32:54,"Fixtures for this weekend vs @MidhurstFC @HorshamFCU18s Horsham Olympic. 

No game for Reserves https://t.co/wtjZnBQhjk",3,5,False
0,1452669471642963971,Bilash singh.,70,False,2021-07-24 16:12:45,@IRamanpandey @iSinghApurva Cricket is a business being run by some people vested interest. It doesn't fulfill any‚Ä¶ https://t.co/StCcGRIF4x,0,4,False
0,1452661569146408960,merrzzz,1246,False,2021-07-24 15:41:21,"if killing mosquitoes was an Olympic game, ain't nobody beating me init",3,47,False
0,1452641501196980231,Tyger Danger,842,False,2021-07-24 14:21:37,"Join us for She‚Äôs Got Game, a virtual
experience for young female professionals
Nov 3 ‚Äì Nov 5. Welcome &amp; Keynote Sp‚Ä¶ https://t.co/7TZk7WNsdT",3,7,False
0,1452636575347748865,Wosofan,37,False,2021-07-24 14:02:02,Still pissed no reporter asked C*rli why she was the ONLY person standing before that Olympic game....,9,100,False
0,1452626842679119874,üü•Edeyüíúü§çüíö ü¶ñ,1922,False,2021-07-24 13:23:22,"@OnQueerStreet Ellen Page existed when the game was manufactured 

You want me to burn my inception DVD because it‚Ä¶ https://t.co/M3ErPsBuA0",0,4,False
0,1452623868716269579,üü•Edeyüíúü§çüíö ü¶ñ,1922,False,2021-07-24 13:11:33,"@Ralph_Hapschatt @darkestflameboy @SpawnofJustice @DalgetySusan @oxfamgb Exactly

And Ellen Page existed when they‚Ä¶ https://t.co/flop4byKmU",0,4,False
0,1452618568084901889,#PackTheJungle üè¥‚Äç‚ò†Ô∏è,3780,False,2021-07-24 12:50:29,"Love seeing how our Olympic sports are knocking out some big time wins lately!

If you haven‚Äôt been to an @ECUVB ga‚Ä¶ https://t.co/SfAW44AKDv",0,26,False
0,1452609341370945538,1980 Miracle Hockey Team,11438,False,2021-07-24 12:13:49,"Some Eruzione #1980Olympic stats for you:
Hometown: Winthrop, MA
Position: Left Wing
Height: 5-10
Weight: 181
Goals‚Ä¶ https://t.co/0qxtmsd9QH",3,24,False
0,1452608510877999105,The Mississaugua Golf and Country Club,1145,False,2021-07-24 12:10:31,"Team Murphy is at the Olympic Pre-Trials in Liverpool, Nova Scotia this week. Game #1 is today at 5:00 pm AST ü•å Goo‚Ä¶ https://t.co/7Hz42S3SNS",3,7,False
0,1452595947834281986,kdramafolder,21429,False,2021-07-24 11:20:36,"oh my gosh they have younghee (squid game's red light green light doll) at olympic park in seoul ??

#SquidGame‚Ä¶ https://t.co/acu1JrYq8G",5,55,False
0,1452576675078840324,The Cheese Room Podcast,2760,False,2021-07-24 10:04:01,New Pod is out now! @CheeseRoomFP @bmcgerty and @pmuir review the game at the Olympic stadium. The pod is better th‚Ä¶ https://t.co/c3mBK7QtKN,1,8,False
0,1452566846364741633,Gibberish/ ‡¶Ü‡¶¨‡ßã‡¶≤ ‡¶§‡¶æ‡¶¨‡ßã‡¶≤ #Fully Vaccinated üíâ,1382,False,2021-07-24 09:24:58,Stop the asshole cricket takes here. Only South Asians can drain their precious productive hours watching a game no‚Ä¶ https://t.co/6MqTYBpMzu,0,4,False
0,1452551408905965568,Saurabh Singh Kshatriyaü¶Ö,294,False,2021-07-24 08:23:37,"#BCCI 2017 se hi mai cricket se dur 
Ho gaya,
hockey team Ki player ke gaon me na bijali na Tv Phir Govt ne lagwaya‚Ä¶ https://t.co/ijdoeot4dE",2,7,False
0,1452533895098867715,GF2445,1116,False,2021-07-24 07:14:02,Evelyn and Trennt. I love them to pieces but frankly it did not cut it for a Canadian Pair. They need to lift their‚Ä¶ https://t.co/5AwnVisLx5,0,12,False
0,1452515332497629189,concernedbrother81,26,False,2021-07-24 06:00:16,"@JCrossover 1x NBA Scoring Leader
7x¬†All-NBA
10x¬†NBA All-Star 
10th Leading Scorer In NBA History
4x¬†Olympic medali‚Ä¶ https://t.co/yLM8hKcajx",7,49,False
0,1452492615757144071,scroll.in,428056,True,2021-07-24 04:30:00,"#DenmarkOpenSuper1000 #Badminton

#Watch: Viktor Axelsen plays an epic shot on his way to defeating Kento Momota in‚Ä¶ https://t.co/Wq7fx1D7sZ",2,4,False
0,1452491178889252867,Sonal üáÆüá≥,101,False,2021-07-24 04:24:17,@suryakane Absolutely this is not a game anymore...watch the Olympics and para Olympic players who played well not‚Ä¶ https://t.co/upL2hJhuAC,1,4,False
0,1452488645391396870,Sam Quinn,6127,True,2021-07-24 04:14:13,"A lot went right in this game...

- Best game for Russ as a Laker.
- Anthony Davis looked like a DPOY.
- Olympic Me‚Ä¶ https://t.co/wQAXdcLxUq",23,279,False
0,1452476623257849858,Sam Quinn,6127,True,2021-07-24 03:26:27,"The true hooper accounts are going to be insufferable tonight, but if the Lakers win this game, Carmelo Anthony is‚Ä¶ https://t.co/eHaXPekNO2",2,14,False
0,1452460275840471043,NBC Olympics,1102848,True,2021-07-24 02:21:29,"We're gearing up for a Once in a Lifetime event by mixing Olympians and football all season long!

Olympic champion‚Ä¶ https://t.co/cTmAvW3BHZ",26,138,False
0,1452457464511832071,Sunday Night Football on NBC,936629,True,2021-07-24 02:10:19,"Our Once in a Lifetime celebration continues!

Olympic gold medalist Chelsea Gray (@cgray209) and Olympian Bryce Be‚Ä¶ https://t.co/8fpOEeBxsM",14,86,False
0,1452453878474096646,Andrew Moses,1400,False,2021-07-24 01:56:04,"Carli Lloyd plays her final game with the USWNT on Tuesday.

She‚Äôs an all-time great:

- 315 games (2nd to‚Ä¶ https://t.co/eb0G7IZAPH",1,4,False
0,1452449371937669123,‚öΩÔ∏è Thirsty Whale üê≥ Napier City Rovers,1526,False,2021-07-24 01:38:10,"üèÜùòæùôùùôñùô¢ùô•ùôûùô§ùô£ùô® |
Congratulations to North Wellington FC on winning the Lotto Napier U19 Tournament 2021!
They came back‚Ä¶ https://t.co/54hQ1hnAN3",5,29,False
0,1452435050579079169,Fake Paul Scholes,23,False,2021-07-24 00:41:15,@BovadaOfficial The refs in the ‚Äò72 Olympic basketball game wanted the USSR to win and helped them to do so,0,11,False
0,1452429611971665924,Alexandre Gangu√©-Ruzic,2129,False,2021-07-24 00:19:38,"It was a homecoming to remember for the #CanWNT/#CanXNTü•áüçÅ in Ottawa yesterday

In my latest, I look at what stood o‚Ä¶ https://t.co/Ya1nKATGMc",3,19,False
0,1452399309106790404,The Niche Cache,2103,False,2021-07-25 22:19:14,"Another mud result but results aren't what we should be looking at quite yet, not half strength against the Olympic‚Ä¶ https://t.co/I4A2olBl3N",1,4,False
0,1452389942013857799,‚ú®yellow angel yaki ‚ú®,153,False,2021-07-25 21:42:00,"""I'm taking out the ambition of the Korea game""? hahahahahahahahaha you are crazy. Ebrar probably just accepted the‚Ä¶ https://t.co/liBtPTEdhT",10,22,False
0,1452364695143211008,Reattackü¶ç,548,False,2021-07-25 20:01:41,@EricMullen01 @magicman_psu Imagine telling the Olympic champ about the game‚Ä¶,0,29,False
0,1452362614890287108,Trouble,200,False,2021-07-25 19:53:25,"TeamTrouble member @ellencurren describing the Trouble mission to Olympian rower, IOC member and game changer‚Ä¶ https://t.co/iTYDDhIEbl",1,7,False
0,1452356181238947845,Ed Morrissey,62035,True,2021-07-25 19:27:51,@CShadegg Troll game level: Olympic. üòÑ,0,66,False
0,1452348876644552716,Nathan Bewcyk,386,False,2021-07-25 18:58:50,Awesome @grandslamcurl Masters women's (MB) Final! Great game between @TeamJJonesCurl and @TeamTracyFleury ! Gotta‚Ä¶ https://t.co/sb9hslqYcd,1,19,False
0,1452347327025397761,Jennifer Drover,94,False,2021-07-25 18:52:40,@Devin_Heroux @grandslamcurl That was an amazing game. I can't wait for the Olympic Trials!,0,5,False
0,1452342951221161984,DualSenseDude‚Ñ¢,201,False,2021-07-25 18:35:17,"@sGarvett @KeyserS56435525 @MldGhost @DaXboxUniverse Lol no way. Who has an official Olympic game? Grand Torismo, w‚Ä¶ https://t.co/xX8KVKgOEa",0,5,False
0,1452341957611724811,Kamal,176,False,2021-07-25 18:31:20,"@Atheist_Krishna @narendramodi Olympic was instant credit game. Ek phone full media coverage and credit ‚òëÔ∏è. 
Aaj ye‚Ä¶ https://t.co/TtIbGUrxGF",0,5,False
0,1452335101266829313,Langley Advance Times,8310,False,2021-07-25 18:04:05,Canada beats U.S. 3-1 in pre-Olympic women‚Äôs hockey game https://t.co/DTRD317gmA,0,4,False
0,1452329077826850816,Rajan Tyagi,319,False,2021-07-25 17:40:09,"Pakistan has its own Olympic. 
Every 4 years they beat India in one cricket game and celebrate it for next 4 years.‚Ä¶ https://t.co/ZT1wcHXXSt",0,4,False
0,1452328958129807368,Kuptaan üáÆüá≥,17547,False,2021-07-25 17:39:41,Cricket is neither olympic sport nor our national game. why cry ?,2,29,False
0,1452328653245882373,Saracens Supporters,4060,False,2021-07-25 17:38:28,üé∂ And music in the Olympic Bar after the game üé∂ https://t.co/ZSiC1texbv,2,8,False
0,1452317232319565833,Stefany Monica,116,False,2021-07-25 16:53:05,Congrats Viktor! A well deserved win! Lost your way at the end of first game - playing Momota‚Äô games &amp; get back con‚Ä¶ https://t.co/7xdjQmEOKl,1,6,False
0,1452312704635621378,chocochip,170,False,2021-07-25 16:35:06,OKAYY but only momota has managed to drag Axelsen to the Rubber game after Axelsen became the Olympic champion in T‚Ä¶ https://t.co/8Po80gyr8t,5,10,False
0,1452304747587907590,Devin Heroux,55533,True,2021-07-25 16:03:28,"Grand Slam women's final right now.

Jones vs Fleury

These two play in the final game of the round robin at the Ol‚Ä¶ https://t.co/Ponrcex6Nv",2,79,False
0,1452302519531679748,GurukulDr.SukanyaSubbannaIyer,9809,False,2021-07-25 15:54:37,Why @TataCLiQ ....you weren't able to find people from other Fraternity especially Men &amp; Women Hockey Team who play‚Ä¶ https://t.co/uSRrGv9F1v,2,4,False
0,1452283788361351179,Alan Smith,483,False,2021-07-25 14:40:11,@RetroZo_ Officially licensed Olympic video games - so that‚Äôs the ‚Äònormal‚Äô ones and Mario &amp; Sonic - got most of the‚Ä¶ https://t.co/H2s1R7lkAB,0,9,False
0,1452255333993361417,Liz.,196,False,2021-07-25 12:47:07,definitely not regretting my decision to go for a run in the olympic park without checking to see if there‚Äôs a west‚Ä¶ https://t.co/DUyq2hKFUp,0,6,False
0,1452244953795645446,Next Level/OVBVA,289,False,2021-07-25 12:05:53,Will never let this picture die. It‚Äôs how we grow the game. Olympic great @JenniferKessy and @AprilRossBeach came t‚Ä¶ https://t.co/Ui2szCMZ8Y,0,9,False
0,1452235251577667587,Mina¬∞~noru,187,False,2021-07-25 11:27:19,Shame on @isu_Figure @skatingjapan for assigning this person and promoting her to an international ISU judge üò§üò§üò°!‚Ä¶ https://t.co/3cAnAdp4xh,12,26,False
0,1452228768173547521,leeds.dan,0,False,2021-07-25 11:01:34,@ezzalodge @LUFC You showed a still image. Show the foul next time mate. Or Jimenez Olympic diving highlights for the game,0,14,False
0,1452141452247527428,‚ô° Alexis ‚ô°,286,False,2021-07-25 05:14:36,when she was literally the only player/official to not kneel during the Olympic game vs Australia ü•± byeeeeeeeee https://t.co/tvQh3jPtKe,0,10,False
0,1452110596850126849,Jackson üá¶üá∫üáßüáº,89,False,2021-07-25 03:11:59,"@KGsGOAT Amazing, the game is the most fun to watch in years. The olympic refereeing seems to have impacted the lea‚Ä¶ https://t.co/SSciF8fbEz",0,8,False
0,1452080437866663944,Mike Harrington,29289,True,2021-07-25 01:12:09,Looks like a classic second game of a back to back. Challenge all teams will face in an Olympic year. https://t.co/Zi340ejhOj,1,5,False
0,1452068697846083586,Sacred Warrior,355,False,2021-07-25 00:25:30,"@overtime Most 3-pointers in a single game,
Most points in a quarter, 
Only player to ever score 60 points while pl‚Ä¶ https://t.co/uMZvEEaNIs",0,11,False
0,1452068438126465031,Sacred Warrior,355,False,2021-07-25 00:24:28,"@BleacherReport @Money23Green Most 3-pointers in a single game,
Most points in a quarter, 
Only player to ever scor‚Ä¶ https://t.co/GybzpHjwhS",0,6,False
0,1452036504042319880,Sportsnet,839690,True,2021-07-25 22:17:34,Christine Sinclair added to her record tally with her 188th international goal as Canada rolled to a 5-1 win over N‚Ä¶ https://t.co/Cya67Wj8hT,0,23,False
0,1452025201781350401,Paulo Senra,3965,True,2021-07-25 21:32:40,"These little things matter: unless I‚Äôm missing it but almost 1hr after final whistle, no post from our two sports b‚Ä¶ https://t.co/MPEz2cPFk3",2,28,False
0,1452023208023142401,Team Canada,738911,True,2021-07-25 21:24:44,"It‚Äôs worth celebrating! ü•≥üî• #CANWNTGold

The Olympic Champions ‚öΩÔ∏èü•á kicked off the Celebration Tour with a win!

‚û°Ô∏è T‚Ä¶ https://t.co/wGjSXk0h7H",49,419,False
0,1452020513010761733,StaleMates,6448,False,2021-07-25 21:14:02,Jake Varner in the house at the Iowa State vs. Oklahoma State game. Another Olympic Gold Medalist from Iowa State i‚Ä¶ https://t.co/xZjhNBwUFa,13,148,False
0,1451983516300988426,molly,146,False,2021-07-25 18:47:01,The Beckie Christmas card is going to be like ‚Äúthis is our daughter Janine. won olympic gold‚Ä¶this is our son Drew..‚Ä¶ https://t.co/01Gb68eUr7,2,19,False
0,1451970473991024642,Founders,8750,False,2021-07-25 17:55:11,When he was on The Dream Team he was surprised to learn how lazy his Olympic teammates were about practice. This pa‚Ä¶ https://t.co/ocjegsB5ZY,0,4,False
0,1451967037304184837,Roberto  Gallo,202,False,2021-07-25 17:41:32,Women‚Äôs Cross Country &amp; Track Alumnus Dr Kayla Gallo joins the NewZealand Women‚Äôs National Soccer Team as one of th‚Ä¶ https://t.co/iMerkM2C9J,1,22,False
0,1451950485603241990,TC Roberson Volleyball,39,False,2021-07-25 16:35:46,"üö®üö®It‚Äôs Game Day!!üö®üö®

üÜö Olympic High School 
üìç Roy E. ‚ÄúBuddy‚Äù Baldwin Gym
‚è∞  6:00 pm 
üéü At the doorüö™or on GoFan
üì∫ NF‚Ä¶ https://t.co/jptjpB48gb",2,5,False
0,1451949320111017986,San Antonio Spurs,3479173,True,2021-07-25 16:31:08,"Parker, CO native @Dwhite921 spent time with a few Special Olympic Athletes from his high school he invited to our‚Ä¶ https://t.co/nWuuBR5WvU",35,308,False
0,1451945776129642498,Jackie Perez CTV News,2679,False,2021-07-25 16:17:03,"‚ÄúIt gives me chills thinking about what an incredible experience it‚Äôs going to be.‚Äù 

Canada's Olympic champion wom‚Ä¶ https://t.co/GZQSy0BeUQ",0,7,False
0,1451914655216115726,Steve,1924,False,2021-07-25 14:13:23,#OnThisDay in 1983 ‚Äì Craig Martin notched the game-winner for the hosts @CanadaSoccerEN as it defeated‚Ä¶ https://t.co/YRhxkexN2O,3,15,False
0,1451912914496102413,Meaghen Johnson,1206,False,2021-07-25 14:06:28,It's game day for #CanWNT/#CanXNT. ICYMI - catch up on what Canada's 22 gold medallists have been up to since Tokyo‚Ä¶ https://t.co/2vQkFE0OE4,2,12,False
0,1451902209814405123,Sergio & Associates‚Ñ¢Ô∏è 2.0,141,False,2021-07-25 13:23:56,@Sid_Seixeiro @DaveyUpper So‚Ä¶. What the over under on game coached this season for Keefe? We saying Olympic break h‚Ä¶ https://t.co/GvhXahOcnO,1,5,False
0,1451901329488715784,Canadian Women & Sport | Femmes et sport au Canada,19673,False,2021-07-25 13:20:26,"Congrats to @emclark13, who scored twice, including the go-ahead goal, as üá®üá¶ beat üá∫üá∏ 3-1 in Game 1 of a nine-game‚Ä¶ https://t.co/PWkoRqSuTK",2,5,False
0,1451897695690366980,Âê¥Èπè Wu Peng,11958,False,2021-07-25 13:06:00,"As Winter #Olympic Games coming soon, #African youth became one of the first guests to visit the stadiums, experien‚Ä¶ https://t.co/XKjezuvVO4",16,35,False
0,1451896241152045065,TSN,849833,True,2021-07-25 13:00:13,"Canada beats US in pre-Olympic women's hockey game.

MORE: https://t.co/fNe6MDEySd https://t.co/K3amFcLQYS",6,129,False
0,1451892267594178567,kristina victoria,769,False,2021-07-25 12:44:26,Game day ‚öΩÔ∏èü•áüá®üá¶ time to kick off the Olympic champion celebration tour. Let‚Äôs gooooo ladies @CANWNT #TeamCanada,0,5,False
0,1451866044105117697,CTV News,1188492,True,2021-07-25 11:00:13,Canada beats U.S. 3-1 in pre-Olympic women's hockey game https://t.co/s6rL1i8KET https://t.co/RUh8DdLZzB,20,462,False
0,1451832798759714821,Haineko‚òÖMikemalcom,32,False,2021-07-25 08:48:07,@Fran_klymydear Most skaters do what they need instead of what they should. He's already been crowned Olympic champ‚Ä¶ https://t.co/5x1HCdq3e8,0,5,False
0,1451811878485696512,ÏãùÏùÄÍ≥†Í∏∞,745,False,2021-07-25 07:24:59,watching squid game people make dalgona at olympic park rn,1,5,False
0,1451775463400030215,CTV Calgary,190631,True,2021-07-25 05:00:17,"Emily Clark scored twice, including the go-ahead goal 5:05 into the third period, and Canada beat the United States‚Ä¶ https://t.co/fdRHEcyt9U",1,18,False
0,1451772241281224704,Ardrey Kell Sports,3141,False,2021-07-25 04:47:29,üèà V-Football w/ the big conference win over a Olympic on Senior Night!  Knights improve to 6-2 overall and 3-1 in S‚Ä¶ https://t.co/WggQnEguqx,4,25,False
0,1451748374504513539,John Evans,1064,False,2021-07-25 03:12:39,"Very cool that 2020 Olympic Gold Medal winner (100m Hurdles) &amp; 2015 Fort Dorchester grad, Jasmine Camacho-Quinn, ca‚Ä¶ https://t.co/gTzTr451On",0,14,False
0,1451747042905051138,CityNews Calgary,83569,True,2021-07-25 03:07:21,Clark scores twice as Canada beats U.S. in pre-Olympic women's hockey game @Sportsnet  https://t.co/WaarJywZoH,0,6,False
0,1451747033790943233,Moe Khan,4669,False,2021-07-25 03:07:19,"The Alouettes are in a good position to host a home playoff date.

As I said before about Molson Stadium hosting a‚Ä¶ https://t.co/fyBoQsbzkN",1,13,False
0,1451746517191204870,Sportsnet,839690,True,2021-07-25 03:05:16,"Emily Clark scored twice as Canada beat the United States in Game 1 of a nine-game pre-Olympic Rivalry Series.

https://t.co/FrL60O8x6F",8,63,False
0,1451745204336168969,The Globe and Mail,1907040,True,2021-07-25 03:00:03,Canada beats U.S. 3-1 in pre-Olympic women‚Äôs hockey game https://t.co/3TC5SqeH0C,6,84,False
0,1451741105066762241,TSN,849833,True,2021-07-25 02:43:46,"Canada beats US in pre-Olympic women's hockey game

MORE: https://t.co/RZ3KZ5r1mu https://t.co/jA6NXCGU9B",5,62,False
0,1451739159425650689,Winnipeg Free Press,133935,True,2021-07-25 02:36:02,Canada beats US 3-1 in pre-Olympic women's hockey game https://t.co/BwNm6FZUdq,1,6,False
0,1451727964161204227,Sen. Brant Feldman,3227,False,2021-07-25 01:51:33,"Isn't it CRAZY that #USWNT hockey is playing in Pennsylvania, but Canadian broadcaster TSN is doing the game (Simul‚Ä¶ https://t.co/hLxueE5a33",0,4,False
0,1451723400406315008,Anything GOEs,6373,False,2021-07-25 01:33:25,"Trennt Michaud: ‚ÄúWe‚Äôre trying to play the long game here for this Olympic season and for the next quad as well.‚Äù 
E‚Ä¶ https://t.co/tce8k1HXta",8,59,False
0,1451697154607693825,RISE- Readiness in Sport Education,192,False,2021-07-26 23:49:07,Close game between Ardrey Kell and Olympic! 7-3 AK. Halftime!,2,5,False
0,1451682446727069698,Preston Bennett,160,False,2021-07-26 22:50:40,"Ginobili literally added a move to the game, 4 NBA titles and won an Olympic gold medal over team USA‚Ä¶ yet not top 75",0,4,False
0,1451680347033325585,Sportsnet Stats,68210,True,2021-07-26 22:42:20,"As seen on @timandfriends 

#CANWNT will play their first game this weekend since winning the Olympic Gold Medal

D‚Ä¶ https://t.co/vZNdhaacu5",3,9,False
0,1451676042599575553,RISE- Readiness in Sport Education,192,False,2021-07-26 22:25:14,This is James Ellis from Olympic High School and I will be live-streaming the Ardrey Kell vs Olympic Varsity Footba‚Ä¶ https://t.co/HGu4HtwKlN,2,4,False
0,1451669623527575552,Preston Wanderers F.C.,327,False,2021-07-26 21:59:43,"Wanderers Vets 0-1 Blackburn Olympic

We worked as hard as we could but missed chances and conceded a goal in the 9‚Ä¶ https://t.co/4A5FymwEQ1",0,4,False
0,1451661125200789512,Jason Michael,15,False,2021-07-26 21:25:57,"@SpursNationCP Laughable!
Forget his game changing impact to the game. I understand that the NBA doesn't take into‚Ä¶ https://t.co/3HvmFoIALC",0,4,False
0,1451659418127458310,Lily!!,270,False,2021-07-26 21:19:10,mario and sonic at the 2010 vancouver olympic games on the nintendo ds like a top 5 game ever made no cap,0,11,False
0,1451638768654426114,The Rod Pedersen Show,10523,False,2021-07-26 19:57:07,"""That's how the game is now. It's fast and physical"" - Steve Kook @HuskiesWHKY @HuskieAthletics 

Female hockey is‚Ä¶ https://t.co/LKh4o4v0ue",0,5,False
0,1451631023658344451,a,528,False,2021-07-26 19:26:20,he‚Äôs literally training for an olympic golfing game cus girl hes been on that course more than his hotel https://t.co/NbkGMwPDqz,0,8,False
0,1451607987508949001,IIHF,191720,True,2021-07-26 17:54:48,Female game officials came one step closer to call games in the NHL. We had a chat with former #Olympic &amp;‚Ä¶ https://t.co/vqQrtQUf25,8,56,False
0,1451607521806929922,Al Leslie,1303,False,2021-07-26 17:52:57,Saline Track and Field community we are honoring @Steven_Bastien Saline‚Äôs first Olympic athlete during 1/2 time of‚Ä¶ https://t.co/myiN3fdgcH,6,47,False
0,1451607201999572992,üåû‡Æï‡Æ©‡Æ≤‡Æøüåû,3493,False,2021-07-26 17:51:41,@BbfanCapricorn Blind haters for reason. Today src supported Anee to give pin to sunny. But they won't speak that .‚Ä¶ https://t.co/xBsUU9hBzg,0,8,False
0,1451597806427250696,shu üë©‚Äçüíª translations pinned,214,False,2021-07-26 17:14:21,"Huang/Zheng post match interview 
#DenmarkOpen2021
HDP: We lacked confidence in the first game knowing we were up a‚Ä¶ https://t.co/3RaU83RQZ7",9,33,False
0,1451580262391824389,Badminton Talk,442680,True,2021-07-26 16:04:38,"First defeat for Greysia Polii/Apriyani Rahayu in their last 14 matches, first since the Olympic Games.

Rest well‚Ä¶ https://t.co/JlOKI46Eo9",944,4686,False
0,1451576188414144513,Kurt Blumenau,219,False,2021-07-26 15:48:26,"A new @sabrgames jawn is posted. This one, about a 21-17 slopfest, is almost unreadable ... even more so than my us‚Ä¶ https://t.co/AiTFOMZx7O",0,4,False
0,1451548598508965889,Global Saskatoon,42053,True,2021-07-26 13:58:49,"WATCH: After Olympic golds and Stanley Cups, Mike Babcock joins @SaskMorningNews to talk about his first game coach‚Ä¶ https://t.co/rR9aSOM31w",10,45,False
0,1451538446514802696,@InstigatingPod,9,False,2021-07-26 13:18:28,"Season 1 Episode 2 is LIVE!

This week we chat with Shawn Cottrill of @TeamCottrill on the Pinty's Grand Slam and O‚Ä¶ https://t.co/CINdLDYWAA",4,4,False
0,1451498739315642371,Roastbeef,229,False,2021-07-26 10:40:41,"Need to make the baloon darts game an olympic sport!

#Taskmaster #100episode
@AlexHorne @gdavies",0,7,False
0,1451495525363093529,Alexander Isora ü¶Ñ,1593,False,2021-07-26 10:27:55,"@naval ""Getting rich is an Olympic sport discipline. Putting your life on the altar of such a major accomplishment‚Ä¶ https://t.co/BzLvEzkRGd",0,10,False
0,1451474350876602368,Emma Sanders,19922,True,2021-07-26 09:03:46,"Personally think this is really disappointing. There were 77,768 for the Germany game in Nov 2019, also 45,619 vs G‚Ä¶ https://t.co/W92Sdh5VgS",6,78,False
0,1451456606676291586,"Russian Embassy, IDN",15510,True,2021-07-26 07:53:16,"Lev #Yashin also played a game against #IndonesiaüáÆüá© in Olympic Games in #Melbourne in 1956, where the #USSR team wo‚Ä¶ https://t.co/h3czP6lPVR",1,4,False
0,1451379050535133185,CTV News,1188492,True,2021-07-26 02:45:05,"Canadian women's hockey team kicks off nine-game, pre-Olympic series against U.S. https://t.co/DASmCAj7YT https://t.co/K7miQCuSAe",1,16,False
0,1451377056487460866,Sonic Stadium ‚ú™ The Sonic the Hedgehog Community,29954,False,2021-07-26 02:37:10,"Sonic at the Olympic Games (mobile game) closes its online features and purchases in December.

You will get to kee‚Ä¶ https://t.co/rNbhjMHgCQ",12,55,False
0,1451372318639341570,Duke of Ice Age,581,False,2021-07-26 02:18:20,@SOLBigBrain I couldn‚Äôt be more bullish on @TheCavemenClub project. Olympic dev team consistently over delivering o‚Ä¶ https://t.co/TPpJoGacMt,1,16,False
0,1451364347700072448,Effex,636,False,2021-07-26 01:46:40,This is the company that owns @nWayPlayNFT Olympic Pin NFTs.  I‚Äôm still expecting big things once the Winter Olympi‚Ä¶ https://t.co/Q3zHNgKTVA,4,12,False
0,1451355217153380362,Devin Heroux,55533,True,2021-07-26 01:10:23,"Game over. 

Gushue steals the 7th. It's a 6-2 final Gushue defeating Koe.

@TeamGushue hasn't lost a game yet this‚Ä¶ https://t.co/ol7brjKfph",8,254,False
0,1451346970212061186,The Globe and Mail,1907040,True,2021-07-26 00:37:37,"Canadian women‚Äôs hockey team kicks off nine-game, pre-Olympic series against U.S. https://t.co/zBkAC9INUy",3,18,False
0,1451343292336115712,African Vision Sport & Education Development,303,False,2021-07-26 00:23:00,"Hiskel Tewelde #Eritrea|n National Marathon record Holder from Denden Club 
Participate in Rio 2016 Olympic in 5000‚Ä¶ https://t.co/y0Fb9LdraE",19,35,False
0,1451342095764107271,Hayley Lewis üëë,13361,True,2021-07-26 00:18:14,"USA vs Korea Republic‚öΩÔ∏è

USWNT wrapping up their post Olympic tour here in KC‚ÄºÔ∏è

-AD Franch (Selina KS Native and K‚Ä¶ https://t.co/vrCib5Tkqi",3,23,False
0,1451336223059030018,Shawn Dunagan,782,False,2021-07-26 23:54:54,Olympic gold medalist @ktnago13 is at the #Browns game tonight. @wkyc @WKYCSports https://t.co/WEwJcJTDsW,8,132,False
0,1451328521578614792,kyrie fan club üí´/Rockets Stan üöÄ,1941,False,2021-07-26 23:24:18,"Kyrie is:
‚Ä¢NBA champion
‚Ä¢7√ó NBA All-Star
‚Ä¢World Cup Champion
‚Ä¢World Cup FIBA MVP
‚Ä¢Olympic Gold Medalist
‚Ä¢All-Star G‚Ä¶ https://t.co/OVgxhUY7si",2,4,False
0,1451328354989268998,ùêèùêöùê©ùê¢ùê´ùêöùê≠ùêû,917,False,2021-07-26 23:23:38,"@BleacherReport Kyrie is:
‚Ä¢NBA champion
‚Ä¢7√ó NBA All-Star
‚Ä¢World Cup Champion
‚Ä¢World Cup FIBA MVP
‚Ä¢Olympic Gold Meda‚Ä¶ https://t.co/mMrwbt0OOx",147,1655,False
0,1451325200616894470,probably buried in trash,402,False,2021-07-26 23:11:06,Watching the Sens game and did not realize Canandian Olympic Team women other than Penny Oleksiak were allowed to attend NHL games,0,4,False
0,1451321906481844232,Bren Connolly üíô,1698,False,2021-07-26 22:58:01,@29Palmateer @Fanscapes1 @matchdaymemory @philharrison192 @robertmdaws @dazhaneygooglem @WSC_magazine @camsell59‚Ä¶ https://t.co/i8S8fAIXn8,0,4,False
0,1451316873660755968,ùôéùôùùô™ùôóùôù ‚Å∂ìÖì,10097,False,2021-07-26 22:38:01,"In the 10 years that followed this iconic statement:

2x MVP
10x All-Star
4x Champion
4x Finals MVP
8x All-NBA Firs‚Ä¶ https://t.co/N4sWBUyV2L",40,153,False
0,1451314861401690112,CBC Olympics,244778,True,2021-07-26 22:30:01,"Olympic READY üá®üá¶üö®

Canada's National Women's Hockey Team üèí is set to face the United States in a nine-game Rivalry‚Ä¶ https://t.co/hKmR5s6V7G",8,60,False
0,1451287196594495494,apt613,53942,False,2021-07-26 20:40:05,Folks! We are running a giveaway for free tickets for @CanadaSoccerEN international friendly game this Saturday at‚Ä¶ https://t.co/xjxLv54XZ3,1,6,False
0,1451282488832180227,Sergio Mourato,1401,False,2021-07-26 20:21:23,Portugal‚Äôs Mixed Doubles Curling Team shared their experience in the Pre Olympic Tournament Event earlier this mont‚Ä¶ https://t.co/GEU6CqqVzz,0,4,False
0,1451282048837111808,Lukas Weese,7136,True,2021-07-26 20:19:38,W ICE HOCKEY: @HockeyCanada‚Äôs Women‚Äôs Olympic Team is participating in a nine game rivalry series against Team USA‚Ä¶ https://t.co/mHmJSyxpcW,3,7,False
0,1451231163335462920,Ronan Browne,1961,False,2021-07-26 16:57:26,"Finland with a very impressive 3-0 win against Georgia in Women‚Äôs World Cup qualifying group A, ahead of a HUGE gam‚Ä¶ https://t.co/8zZCfId495",1,19,False
0,1451199775118802953,Gloucester Dragons üíØ Fun ‚öΩÔ∏è,174,False,2021-07-26 14:52:43,Are you excited about the Olympic National Team Celebration Tour ‚öΩÔ∏è match on Saturday?  We are sending a pair of fa‚Ä¶ https://t.co/Gw4h9uqL4R,3,10,False
0,1451184396711514115,Mayor Of Mayberry,0,False,2021-07-26 13:51:36,@AmodioMatt Miss you on Jeopardy ~ you brought such fun and excitement to the game!! I hope you know you‚Äôre now lik‚Ä¶ https://t.co/voFiOjlIFL,0,4,False
0,1451179995833901063,Asterix,102,False,2021-07-26 13:34:07,"@BWFScore Wonderful Revenge Hoki/Koba, only 2 set to crush the Olympic Gold medalist. Welcome to the club Lee/Wang.‚Ä¶ https://t.co/zGZo23fJxT",32,108,False
0,1451179066984259595,Dr. Eggman's SPOOKY Sunday Morning üéÉ,2413,False,2021-07-26 13:30:25,"The mobile game ""Sonic at the Olympic Games Tokyo 2020"" will shut down on December 15, 2021.",0,13,False
0,1451167406563504136,SportsAid,13293,False,2021-07-26 12:44:05,"#BLACKHISTORYMONTH

Volleyball star Frankie Frize, 16, shares her journey so far...

Receiving her first England ca‚Ä¶ https://t.co/EKgzP0dMKX",3,9,False
0,1451143896109621251,Mrs L Line,432,False,2021-07-26 11:10:40,"A group of our little superstars invented a brand new game - pumpkin bowling! 

It was a hard job getting the block‚Ä¶ https://t.co/yhEK6FMbdi",3,23,False
0,1451131667112857608,nwantiti,6220,False,2021-07-26 10:22:04,"We were playing name place animal thing and this girl wrote ""Olympic ground"" in placeüò≠üò≠  I love this game",0,14,False
0,1451098413966057474,Stephen SeventySix,143,False,2021-07-26 08:09:56,"@SydneyOlympicFC @folzey @SydneyFC Congrats Roy!
Hopefully game time will get you back into the A-League, where you‚Ä¶ https://t.co/J9kKd3JLoI",0,5,False
0,1451097506406875138,Mick Cooper,857,False,2021-07-26 08:06:20,A few stops to do first‚Ä¶ but tonight is actually my *first* ever game at the Olympic Stadium! üòä https://t.co/se2uqi8K3t,0,4,False
0,1451093398660665350,C.LYÊ¢®,278,False,2021-07-26 07:50:00,French rising duo Gicquel/Delrue actually could balance Wang/Huang fast interception from net area in opening game‚Ä¶ https://t.co/YWE8PlGTIm,0,5,False
0,1451084252267810820,SonicBoom13561 (Cole) Ó®Ä,911,False,2021-07-26 07:13:40,"Looks like the online for Sonic at the Olympic Games is shutting down, which in a normal case would mean the game a‚Ä¶ https://t.co/l8r4YITX2J",14,56,False
0,1451032165274329089,Rage Against the Pusheen,227,False,2021-07-26 03:46:41,"And that all started with him, really. He was a lawyer for the poor, he fought evictions, he taught law, he was a 5‚Ä¶ https://t.co/exLhaRTKOZ",0,8,False
0,1451016283969912835,Charlotte Gibson,1471,False,2021-07-26 02:43:35,"And another one! My latest for @espnW: Olympic, Paralympic athletes reflect on how they handle the post-Games blues‚Ä¶ https://t.co/wf6hCIz0hk",3,8,False
0,1450960201855606784,Devin Heroux,55533,True,2021-07-27 23:00:44,"CURLING ü•å

One month to go until the Olympic trials in Saskatoon. Wasn‚Äôt about to leave Calgary without throwing a‚Ä¶ https://t.co/0bnK2ArgJW",16,486,False
0,1450942567793758212,How bout no,64,False,2021-07-27 21:50:40,@TebayCameron @rioferdy5 It was literally the same coaching the whole game. The players finally pulled heads out of‚Ä¶ https://t.co/MbQ8881N26,0,6,False
0,1450928559669661696,Olympic FC,2047,False,2021-07-27 20:55:00,"Another game. Another Shannon Brady goal üòé

üé• @FootballQLD

#NPLQLD https://t.co/iRapcQCK3q",4,13,False
0,1450911775419891713,GF2445,1116,False,2021-07-27 19:48:18,"The game of chess continues for the ice dance Olympic gold medal.
Because Ice Dance is acting like a REAL SPORT. https://t.co/MlCM3wUEvo",0,6,False
0,1450903051435339776,Kira K. Dixon,26991,True,2021-07-27 19:13:38,"While I have your attention (thanks for the love on digest piece) anncmnt:
@jeehaeda and I are taking on the‚Ä¶ https://t.co/FMhUlmWn0t",4,77,False
0,1450902547187712000,NintenBOO Deals,125645,False,2021-07-27 19:11:38,"Own a weird piece of history

Tokyo 2020 Olympic Games (Switch) is 50% off / $19.99 lowest price ever

Amazon:‚Ä¶ https://t.co/OORYnjbqUB",8,61,False
0,1450865331380146183,Brooks Bratten,11313,True,2021-07-27 16:43:45,"NHL Commissioner Gary Bettman says the League looks at the Stadium Series game in Nashville as a ""relaunch of the s‚Ä¶ https://t.co/ZA467bhmEZ",3,50,False
0,1450831798376837128,Jim Watson,160694,True,2021-07-27 14:30:30,.@CANWNT won its first Olympic gold medal in a shootout against Sweden on Aug. 6th. It is an honour to have the tea‚Ä¶ https://t.co/TxkQp2YbyB,11,193,False
0,1450796501970653189,Chris Forsberg,83307,True,2021-07-27 12:10:15,Last we saw Jayson Tatum he was producing four 50-point games in 50 days; tying Larry Bird‚Äôs records; and winning O‚Ä¶ https://t.co/OsiTfNuzuh,12,116,False
0,1450794644879511557,Sonic the Hedgehog Bot,496,False,2021-07-27 12:02:52,The next Sonic sports game will be Dwayne The Rock Johnson  and Sonic at the Olympic Games https://t.co/zxgBOIMFHN,0,4,False
0,1450792279464194052,‚öΩÔ∏èEastern Girls Soccer‚öΩÔ∏è,1088,False,2021-07-27 11:53:28,Our final regular season game. Tough one on the road vs the Olympic National division champs. https://t.co/oyO4rdNWbV,0,12,False
0,1450791892665389056,FIG,75934,True,2021-07-27 11:51:56,"Olympic disappointment fuels @c_edrielzxs üáµüá≠, who flew through his qualification at #Kitakyushu2021, posting the be‚Ä¶ https://t.co/caFbMSmoSq",151,767,False
0,1450778273911238658,Brisbane Football Review,2192,False,2021-07-27 10:57:49,"FT| Game abandoned on the hour due to tonight's #BNEStorm.

A huge +3 for Olympic who move back into 4th place on t‚Ä¶ https://t.co/8R9Jz5iKsq",0,5,False
0,1450752219930763269,HelloJR26 üá≤üáæüáµüá∏,61,False,2021-07-27 09:14:17,First ever match together and played very well. Very nice game to olympic champions üëè Great Job comeback stronger i‚Ä¶ https://t.co/hSTzVYSY6a,3,6,False
0,1450751913280999429,Bella,713,False,2021-07-27 09:13:04,Goh V Shem and Low Juan Shen is still a new pair so hope they'll improve more in the future üí™but still going agains‚Ä¶ https://t.co/QbnA3SqNNR,3,25,False
0,1450706122734641153,Bun,166,False,2021-07-27 06:11:07,@br_olympic @Reinforce No team based game will ever come close to that level of insane team interdependency.,0,16,False
0,1450670810838880256,Anthony DiCicco,9382,False,2021-07-27 03:50:48,"What we need is a primordial ooze. We need an ecosystem that can give life to dreams. Not just elite dreams, not ju‚Ä¶ https://t.co/mzelPekGKP",0,6,False
0,1450638332338196481,Erich Schmidt,296,False,2021-07-27 01:41:44,@ClayTroia They are playing a very aggressive style of hockey and Granato is playing the players to their strengths‚Ä¶ https://t.co/xDXRd090va,0,9,False
0,1450593400542085123,Olympic Athletics,1451,False,2021-07-27 22:43:12,Olympic Volleyball got the victory against Berry in the first round of the SoMeck Conference Tournament in a game t‚Ä¶ https://t.co/QgSnf9GS7O,1,9,False
0,1450589683667320832,John Glennon,23016,True,2021-07-27 22:28:25,"Honorary 12th #Titan for game this Sunday: Former Olympic gold medalist Shawn Johnson.
Anthem/halftime singer: Coun‚Ä¶ https://t.co/9q7yTALe9b",0,17,False
0,1450572060439166977,DEVINTHELAB,3030,False,2021-07-27 21:18:24,My advice is ‚Ä¶76ers BET NOT put simmons in the game lol‚Ä¶it might get real wild‚Ä¶.but ‚Ä¶.my hood olympic instigator in‚Ä¶ https://t.co/FAI1ve0AtH,8,79,False
0,1450552715986280453,‚ú®üíû‚ú®üíû‚ú®üíû‚ú®üíû‚ú®üíû,26829,False,2021-07-27 20:01:32,My block game on Olympic cause ain‚Äôt nobody draining my energy https://t.co/zm47fC7Poq,1,6,False
0,1450536385816010765,Madrid Zone,152732,False,2021-07-27 18:56:38,"""No Super League, shame on you"" banner displayed in Kyiv's Olympic Stadium tonight for Real Madrid's #UCL game vs S‚Ä¶ https://t.co/WJvKQLAHOA",25,551,False
0,1450514804997861388,Jonty Colman,2129,False,2021-07-27 17:30:53,"Team GB Olympic and Paralympic summer medal winners Eilidh McIntyre, Lauren Steadman and Declan Brooks are here ahe‚Ä¶ https://t.co/fY8nMO75aN",0,6,False
0,1450510807859597315,Portsmouth FC,154283,True,2021-07-27 17:15:00,"ü•á @McintyreEilidh
ü•á @LaurenSteadman
ü•â @declanbrooksbmx

üíô Great to have three of #Pompey‚Äôs Olympic and Paralympic a‚Ä¶ https://t.co/3arIWY5sRE",5,57,False
0,1450506164920221698,Casj,198,False,2021-07-27 16:56:33,@sparkthatelle @himtuition Lmao that‚Äôs what I was thinking cos my block game Olympic level and that‚Äôs  on #dblvirgo,0,33,False
0,1450496127233576960,RushüéÉ,339,False,2021-07-27 16:16:40,"Okay Sonic fans! Gimme your
First game: Sonic the Hedgehog (1991)
Last game: Sonic at The Olympic Games - Tokyo 202‚Ä¶ https://t.co/RcZbZM8G1T",0,5,False
0,1450482210780426243,Henkel,21269,True,2021-07-27 15:21:22,"Carsten Knobel meets @timoboll üèì Last week, our Henkel #CEO welcomed the multiple Olympic medalist &amp; world-renowned‚Ä¶ https://t.co/WXRnlCvHZ0",0,8,False
0,1450481345935851524,@WiffleBreakers,1671,False,2021-07-27 15:17:56,Juan Soto article from the Washington Post today. Soto gave away his All-Star Game and Derby bonuses to Dominican R‚Ä¶ https://t.co/6GYCn4RDi5,13,93,False
0,1450455190625157120,Âê¥Èπè Wu Peng,11958,False,2021-07-27 13:34:00,"The Olympic flameüî• has been lit at the birth place in Ancient Olympia, #Greece. Its 2nd journey to #China has been‚Ä¶ https://t.co/g0YBmZ2z9l",3,15,False
0,1450445393918058499,Cheap Ass Gamer,440197,True,2021-07-27 12:55:04,Pre-Played Tokyo 2020 Olympic Games (PS4/S/X1) $17.99 via Gamefly. Includes Everything the Game Originally Came Wit‚Ä¶ https://t.co/IBP3tzu4N1,0,17,False
0,1450431400306364421,Baseball by BSmile,51139,False,2021-07-27 11:59:28,40 Years Ago Today: Rick Monday hits a ninth-inning HR to give the Los Angeles #Dodgers a 2-1 lead in #NLCS Game 5‚Ä¶ https://t.co/A7xsabxevw,33,153,False
0,1450425666692730881,WA Hall of Champions,12,False,2021-07-27 11:36:41,Aran Zalewski co-captained the Kookaburras back to the Olympic podium as one of the most reliable players in the ga‚Ä¶ https://t.co/jd1JQmmhPu,2,10,False
0,1450423585701433347,Ng Tze Yong üá≤üáæ,13,False,2021-07-27 11:28:25,Playing rubber game with olympic medallist already fantastic!! congrats to both team ‚ú®üá≤üáæüáÆüá©,2,4,False
0,1450410016054390787,Stewart Lewis,2928,False,2021-07-27 10:34:29,@JamesFinbow @Cyncoed15 @microphonemayne I believe our claim is being the only English side to beat Bayern in a com‚Ä¶ https://t.co/kkhxF0HGsc,0,4,False
0,1450390197233881092,P.i.y.u(‚úø^‚Äø^),193,False,2021-07-27 09:15:44,Koi Olympic ka game ho rha h kya ü•¥ü•¥. .. destroying game lol ... Stupid morons games of bb üòÇ .. youth go focus on re‚Ä¶ https://t.co/SRau0ZnuIE,1,5,False
0,1450389274692628484,BBC Sport Wales,108929,True,2021-07-27 09:12:04,Olympic Sevens gold-winning head coach Gareth Baber will take charge of Fiji for the autumn internationals which wi‚Ä¶ https://t.co/ASjutGmZyX,2,12,False
0,1450387896838598658,ENBL,346,False,2021-07-27 09:06:36,"We are at Valmiera Olympic Centre! üèÄ

Hosts @vgvia_basket are ready to take on guests from Poland @Anwil_official .‚Ä¶ https://t.co/cqWcFGBGsO",4,30,False
0,1450358553835982851,N64Ever,218,False,2021-07-27 07:10:00,Olympic Hockey 98 is just an olympic game skin of Wayne's Gretzsky 3D Hockey 98. A 70‚Ç¨ DLC... https://t.co/Y3Nddy9Lzw,0,5,False
0,1450325755443900422,Angel,592,False,2021-07-27 04:59:40,Yes Beijing Olympic is no genocide game https://t.co/aWoru8SbRM,0,4,False
0,1450251938080038913,Sonic the Hedgehog Bot,496,False,2021-07-27 00:06:21,@ZeGamingCuber16 The next Sonic sports game will be Tails  and Sonic at the Olympic Games https://t.co/ZOvFb0UeIH,0,4,False
0,1450231692153823232,CBC Olympics,244778,True,2021-07-27 22:45:54,Make sure to follow @Devin_Heroux &amp; @sarahjenkinsxo for all the sights and sounds from tonight's @HC_Women game üá®üá¶‚Ä¶ https://t.co/tuUceaHoos,2,22,False
0,1450230562904584194,Sportsnet,839690,True,2021-07-27 22:41:24,"Edmonton Oilers defenceman Darnell Nurse has a real shot to push for a spot on the Canadian Olympic team. 

Nurse i‚Ä¶ https://t.co/lRaYsD9mlR",7,60,False
0,1450222607886868481,Piper Athletic Dept,926,False,2021-07-27 22:09:48,"Final: Piper 50 Taravella 3

The Bengals travel to Olympic Heights (Boca) on Thursday to take on the Lions in a dis‚Ä¶ https://t.co/E083UhwlSG",2,10,False
0,1450217672411656197,Aksarben Curling ü•å,843,False,2021-07-27 21:50:11,"Hey there, #Twitterspiel! Coming to the US Olympic #Curling Trials in Omaha? We're hosting a friendly curling mixer‚Ä¶ https://t.co/QiU84FPdH9",10,18,False
0,1450210212346941443,TheFirstMint,64714,False,2021-07-27 21:20:32,"WNBA REWARD PROFILE: @ecambageüá¶üá∫ 

Season:
üèÄ3rd Points, 2nd in Rebounds for @LVAces
ü•âSemi Final Loss

Career:
üåü4x W‚Ä¶ https://t.co/ME5DE4fUEr",1,16,False
0,1450195173741322240,Play to Earn Online Magazine,14761,False,2021-07-27 20:20:47,"Animoca Brands and Nway are working on #playtoearn games based on the Olympics! 

Pretty cool stuff, and those NFT‚Ä¶ https://t.co/szC4UQZJF0",17,60,False
0,1450171386735968256,Sonic the Hedgehog Bot,496,False,2021-07-27 18:46:16,@Rasby_taken The next Sonic sports game will be Pucci  and Sonic at the Olympic Games https://t.co/jZoxh68fhV,3,43,False
0,1450169318356885507,Cox Mill Athletics,2744,False,2021-07-27 18:38:02,Game Day for @CoxMillSoccerM as they travel to Olympic for a non-conference make up game. #BuiltAtTheMill‚Ä¶ https://t.co/4BPBN1J9FK,0,4,False
0,1450167869447233537,Meaghen Johnson,1206,False,2021-07-27 18:32:17,"Deanne Rose talked about her penalty in the Olympic gold medal game, where if you'll recall, she fired it into the‚Ä¶ https://t.co/NS22rYg5Lm",3,26,False
0,1450118075974668296,Tseten Tashi,34,False,2021-07-27 15:14:25,"@freetibetorg This Olympic flame is meaningless if that burns for an autocrat regime. Shame on IOC, stop this game of genocide.",4,33,False
0,1450115916247801856,üëªSpooky TortüéÉ,376,False,2021-07-27 15:05:50,@Dawn_Of_Horizon @realUnL1k3 @ThatRandomRudra @aidendelaney95 @pcgamer You'd win gold at the mental gymnastics Olym‚Ä¶ https://t.co/QvXq6gb3rS,0,6,False
0,1450109120128897024,Bryan Abril,904,False,2021-07-27 14:38:50,"The misses should be very very very worried. I ain‚Äôt playing when it comes to my hip thrust game, strokes with maxi‚Ä¶ https://t.co/3DOG5uCRdT",1,8,False
0,1450106896757702658,Bally Sports Sun: HEAT,74971,True,2021-07-27 14:30:00,"""Anytime you have a chance to represent your nation and your people, it means the world"" üá≥üá¨

@iamgabevincent2 share‚Ä¶ https://t.co/uCl9E5iJ6I",3,36,False
0,1450103572276854784,High School Hype Reels,131,False,2021-07-27 14:16:47,"More from South Meck's epic game with Olympic.  RISE student video of the game-winning field goal.
@SM_Sabres‚Ä¶ https://t.co/jC949pULmw",0,12,False
0,1450088338786971649,Sonic the Hedgehog Bot,496,False,2021-07-27 13:16:15,@DatMLGSonic The next Sonic sports game will be Caesar  and Sonic at the Olympic Games https://t.co/9gSw3dE9NE,1,22,False
0,1450086228213305346,Belle Wood,133,False,2021-07-27 13:07:52,"@jurisdog @TankSchottle it's twitter,pointing out that criticizing a Special Olympic Athlete's typo is an asshole move is also fair game.",0,17,False
0,1450082892231503885,Rajeev,65,False,2021-07-27 12:54:37,"@bkartic @ANI So you mean India should pull out from all the tournament where pakistan is playing? World cup, asia‚Ä¶ https://t.co/dKexNGvhAt",0,6,False
0,1450055611136106501,Sonic the Hedgehog Bot,496,False,2021-07-27 11:06:13,@Minish900 The next Sonic sports game will be Kiryu  and Sonic at the Olympic Games https://t.co/BWJlnpq9Q1,0,5,False
0,1450042869260058628,JB,1802,False,2021-07-27 10:15:35,@aidilarazak It was so sad and heartbreaking Game 5. Last time i was that sad was watching Lee Chong Wei in Olympic‚Ä¶ https://t.co/zhWJOw75R7,0,9,False
0,1450014552326918150,Â∑¥‰∏¢Ëçâ Badiucaoüíâüíâ,82363,True,2021-07-27 08:23:03,"ü§Æ no rights no game
we dont want another Nazi Olympic https://t.co/r2zKD55qGL",9,35,False
0,1449988599571783683,Helsinki Red Room ‚ù§‚ö™‚ö´,1702,False,2021-07-27 06:39:56,"A original press picture from Finland - England match on May 20, 1956. England won the friendly game 1-5 at the Oly‚Ä¶ https://t.co/7PYYTDmxUD",3,10,False
0,1449952141901279234,Ms. P.,172,False,2021-07-27 04:15:04,"@Justine_Brown @Candace_Parker Candace Parker's resume:

‚óΩÔ∏è 2x WNBA Champion
‚óΩÔ∏è #WNBAFinals MVP, 2016
‚óΩÔ∏è 2x WNBA MV‚Ä¶ https://t.co/x1WmopzG9k",0,15,False
0,1449945655884099584,Ms. P.,172,False,2021-07-27 03:49:17,"@JustinTinsley Candace Parker's resume:

‚óΩÔ∏è 2x WNBA Champion
‚óΩÔ∏è #WNBAFinals MVP, 2016
‚óΩÔ∏è 2x WNBA MVP
‚óΩÔ∏è 6x WNBA All‚Ä¶ https://t.co/obdsxz6aF0",1,4,False
0,1449945061114929155,Ms. P.,172,False,2021-07-27 03:46:55,"@NBAonTNT @Candace_Parker Candace Parker's resume:

‚óΩÔ∏è 2x WNBA Champion
‚óΩÔ∏è #WNBAFinals MVP, 2016
‚óΩÔ∏è 2x WNBA MVP
‚óΩÔ∏è‚Ä¶ https://t.co/q2VVXJCZ72",1,5,False
0,1449938365055373316,NBC Olympics,1102848,True,2021-07-27 03:20:19,"Olympian sighting at tonight's @SNFonNBC game üèà

10-time Olympic medalist @arschmitty continued our celebration of‚Ä¶ https://t.co/7oypNAc2eX",23,261,False
0,1449934779143622659,Dani,403,False,2021-07-27 03:06:04,"In fact, at least half the team has been injured this season. But did anyone predict a 10 game winning streak post‚Ä¶ https://t.co/emvmDABvu0",0,6,False
0,1449930374587420672,Kristo Kentang udah vaksin (YUK VAKSIN),417408,True,2021-07-27 02:48:34,"In 1943, Germany has one of the worst economy gap in the world. So the crazy rich people there made an Olympic game‚Ä¶ https://t.co/b5kveDtPZY",6,137,False
0,1449896259364532225,Sports Spectrum,25744,False,2021-07-27 00:33:00,This past week on Get in the Game podcast we were joined by former Olympic skater Scott Hamilton (@ScottHamilton84)‚Ä¶ https://t.co/kJFMlhhAwl,2,17,False
0,1449887536902508549,Sunday Night Football on NBC,936630,True,2021-07-27 23:58:21,"#TokyoOlympics ‚û°Ô∏è Sunday Night Football üèà

@miketirico and 10-time Olympic medalist @arschmitty met up ahead of ton‚Ä¶ https://t.co/Mgx7KTq18h",26,420,False
0,1449884753965031430,NBC Olympics,1102848,True,2021-07-27 23:47:17,"Look who's at tonight's @SNFonNBC game üëÄ

10-time Olympic medalist @arschmitty is getting a behind-the-scenes look‚Ä¶ https://t.co/10Cz4dBiYp",13,151,False
